{"cameraMode":{"drawMode":0,"name":"Shaded","section":"Shading Mode"},"sceneLighting":false,"audioPlay":false,"sceneViewState":{"showFog":true,"showMaterialUpdate":false,"showSkybox":false,"showFlares":true,"showImageEffects":true,"showParticleSystems":true},"in2DMode":false,"pivot":{"x":66.03284454345703,"y":115.32582092285156,"z":-50.385807037353519},"rotation":{"x":-0.03179069608449936,"y":-0.02938378043472767,"z":0.0009351269691251218,"w":-0.9990634918212891},"size":72.13875579833985,"orthographic":false}