{"cameraMode":{"drawMode":0,"name":"Shaded","section":"Shading Mode"},"sceneLighting":false,"audioPlay":false,"sceneViewState":{"showFog":true,"showMaterialUpdate":false,"showSkybox":false,"showFlares":true,"showImageEffects":true,"showParticleSystems":true},"in2DMode":false,"pivot":{"x":568.4877319335938,"y":318.9552001953125,"z":0.0},"rotation":{"x":0.00006459512951551005,"y":0.9766964316368103,"z":-0.21462683379650117,"w":0.00029408474802039564},"size":652.7950439453125,"orthographic":false}