{"cameraMode":{"drawMode":0,"name":"Shaded","section":"Shading Mode"},"sceneLighting":false,"audioPlay":false,"sceneViewState":{"showFog":true,"showMaterialUpdate":false,"showSkybox":false,"showFlares":true,"showImageEffects":true,"showParticleSystems":true},"in2DMode":false,"pivot":{"x":589.3118896484375,"y":225.94012451171876,"z":3.123046875},"rotation":{"x":0.022497884929180146,"y":0.004498856142163277,"z":-0.00010124167602043599,"w":0.9997366666793823},"size":498.38421630859377,"orthographic":false}