{"cameraMode":{"drawMode":0,"name":"Shaded","section":"Shading Mode"},"sceneLighting":false,"audioPlay":false,"sceneViewState":{"showFog":true,"showMaterialUpdate":false,"showSkybox":false,"showFlares":true,"showImageEffects":true,"showParticleSystems":true},"in2DMode":false,"pivot":{"x":85.51203918457031,"y":365.69671630859377,"z":-18.1983642578125},"rotation":{"x":0.1046711653470993,"y":-0.05069723725318909,"z":0.005342426709830761,"w":0.993200957775116},"size":387.4172058105469,"orthographic":false}