{"cameraMode":{"drawMode":0,"name":"Shaded","section":"Shading Mode"},"sceneLighting":false,"audioPlay":false,"sceneViewState":{"showFog":true,"showMaterialUpdate":false,"showSkybox":false,"showFlares":true,"showImageEffects":true,"showParticleSystems":true},"in2DMode":false,"pivot":{"x":0.0,"y":0.1480114758014679,"z":-1.4901161193847657e-8},"rotation":{"x":0.024772843345999719,"y":-0.9675620198249817,"z":0.10490462183952332,"w":0.2284865379333496},"size":0.1906382441520691,"orthographic":false}