{"cameraMode":{"drawMode":0,"name":"Shaded","section":"Shading Mode"},"sceneLighting":false,"audioPlay":false,"sceneViewState":{"showFog":true,"showMaterialUpdate":false,"showSkybox":false,"showFlares":true,"showImageEffects":true,"showParticleSystems":true},"in2DMode":false,"pivot":{"x":-10.494155883789063,"y":0.10000000149011612,"z":4.4856719970703129},"rotation":{"x":0.00006459512951551005,"y":0.9766964316368103,"z":-0.21462683379650117,"w":0.00029408474802039564},"size":0.29999974370002749,"orthographic":false}