{"cameraMode":{"drawMode":0,"name":"Shaded","section":"Shading Mode"},"sceneLighting":false,"audioPlay":false,"sceneViewState":{"showFog":true,"showMaterialUpdate":false,"showSkybox":false,"showFlares":true,"showImageEffects":true,"showParticleSystems":true},"in2DMode":false,"pivot":{"x":582.3933715820313,"y":342.8404846191406,"z":1.363677978515625},"rotation":{"x":0.020998094230890275,"y":0.00599860493093729,"z":-0.00012598477769643068,"w":0.9997614622116089},"size":46.589515686035159,"orthographic":false}