{"cameraMode":{"drawMode":0,"name":"Shaded","section":"Shading Mode"},"sceneLighting":false,"audioPlay":false,"sceneViewState":{"showFog":true,"showMaterialUpdate":false,"showSkybox":false,"showFlares":true,"showImageEffects":true,"showParticleSystems":true},"in2DMode":false,"pivot":{"x":-1.7527453899383546,"y":0.9715427160263062,"z":0.5309708118438721},"rotation":{"x":-0.0003399750858079642,"y":-0.9739187955856323,"z":-0.0014611192746087909,"w":0.2269052118062973},"size":1.4320507049560547,"orthographic":false}