{"cameraMode":{"drawMode":0,"name":"Shaded","section":"Shading Mode"},"sceneLighting":false,"audioPlay":false,"sceneViewState":{"showFog":true,"showMaterialUpdate":false,"showSkybox":false,"showFlares":true,"showImageEffects":true,"showParticleSystems":true},"in2DMode":false,"pivot":{"x":0.038320690393447879,"y":1.0257855653762818,"z":-0.09804284572601319},"rotation":{"x":0.0034791429061442615,"y":-0.9921178221702576,"z":0.028282692655920984,"w":0.12204375863075257},"size":0.5493823289871216,"orthographic":false}