{"cameraMode":{"drawMode":0,"name":"Shaded","section":"Shading Mode"},"sceneLighting":false,"audioPlay":false,"sceneViewState":{"showFog":true,"showMaterialUpdate":false,"showSkybox":false,"showFlares":true,"showImageEffects":true,"showParticleSystems":true},"in2DMode":false,"pivot":{"x":17.392127990722658,"y":2.799989938735962,"z":-34.880306243896487},"rotation":{"x":-0.003202014369890094,"y":0.9956477880477905,"z":-0.03735420107841492,"w":-0.08533632010221482},"size":50.152374267578128,"orthographic":false}