{"cameraMode":{"drawMode":0,"name":"Shaded","section":"Shading Mode"},"sceneLighting":false,"audioPlay":false,"sceneViewState":{"showFog":true,"showMaterialUpdate":false,"showSkybox":false,"showFlares":true,"showImageEffects":true,"showParticleSystems":true},"in2DMode":false,"pivot":{"x":-0.006630420684814453,"y":1.1976197957992554,"z":-0.10772312432527542},"rotation":{"x":-0.06299620121717453,"y":-0.9354492425918579,"z":0.21646392345428468,"w":-0.2722404897212982},"size":1.6905326843261719,"orthographic":false}