{"cameraMode":{"drawMode":0,"name":"Shaded","section":"Shading Mode"},"sceneLighting":false,"audioPlay":false,"sceneViewState":{"showFog":true,"showMaterialUpdate":false,"showSkybox":false,"showFlares":true,"showImageEffects":true,"showParticleSystems":true},"in2DMode":false,"pivot":{"x":0.16502898931503297,"y":0.025576457381248475,"z":-0.46848630905151369},"rotation":{"x":-0.003202014369890094,"y":0.9956477880477905,"z":-0.03735420107841492,"w":-0.08533632010221482},"size":0.6611527800559998,"orthographic":false}