{"cameraMode":{"drawMode":0,"name":"Shaded","section":"Shading Mode"},"sceneLighting":false,"audioPlay":false,"sceneViewState":{"showFog":true,"showMaterialUpdate":false,"showSkybox":false,"showFlares":true,"showImageEffects":true,"showParticleSystems":true},"in2DMode":false,"pivot":{"x":0.04156109690666199,"y":1.0607757568359376,"z":0.27582263946533205},"rotation":{"x":-0.012765556573867798,"y":-0.9727069735527039,"z":0.22508592903614045,"w":-0.055219147354364398},"size":0.8106240630149841,"orthographic":false}