{"cameraMode":{"drawMode":0,"name":"Shaded","section":"Shading Mode"},"sceneLighting":false,"audioPlay":false,"sceneViewState":{"showFog":true,"showMaterialUpdate":false,"showSkybox":false,"showFlares":true,"showImageEffects":true,"showParticleSystems":true},"in2DMode":false,"pivot":{"x":19.973873138427736,"y":0.5580729246139526,"z":24.101476669311525},"rotation":{"x":-0.0441373847424984,"y":-0.9469335079193115,"z":0.1483483761548996,"w":-0.28175806999206545},"size":1.8962962627410889,"orthographic":false}