{"cameraMode":{"drawMode":0,"name":"Shaded","section":"Shading Mode"},"sceneLighting":false,"audioPlay":false,"sceneViewState":{"showFog":true,"showMaterialUpdate":false,"showSkybox":false,"showFlares":true,"showImageEffects":true,"showParticleSystems":true},"in2DMode":false,"pivot":{"x":-0.8152979612350464,"y":0.8632761836051941,"z":-1.7793452739715577},"rotation":{"x":-0.05480148643255234,"y":0.7506047487258911,"z":-0.06274127215147019,"w":-0.6555333733558655},"size":1.8964192867279053,"orthographic":false}