{"cameraMode":{"drawMode":0,"name":"Shaded","section":"Shading Mode"},"sceneLighting":false,"audioPlay":false,"sceneViewState":{"showFog":true,"showMaterialUpdate":false,"showSkybox":false,"showFlares":true,"showImageEffects":true,"showParticleSystems":true},"in2DMode":false,"pivot":{"x":-51.588218688964847,"y":14.654216766357422,"z":9.870346069335938},"rotation":{"x":-0.020995141938328744,"y":0.9100627899169922,"z":-0.04645329713821411,"w":-0.4113309681415558},"size":11.411661148071289,"orthographic":false}