{"cameraMode":{"drawMode":0,"name":"Shaded","section":"Shading Mode"},"sceneLighting":false,"audioPlay":false,"sceneViewState":{"showFog":true,"showMaterialUpdate":false,"showSkybox":false,"showFlares":true,"showImageEffects":true,"showParticleSystems":true},"in2DMode":false,"pivot":{"x":0.24291032552719117,"y":1.748578667640686,"z":0.03778712451457977},"rotation":{"x":-0.0004934258759021759,"y":-0.9993792772293091,"z":-0.01559386309236288,"w":0.03178640082478523},"size":10.0,"orthographic":false}