{"cameraMode":{"drawMode":0,"name":"Shaded","section":"Shading Mode"},"sceneLighting":false,"audioPlay":false,"sceneViewState":{"showFog":true,"showMaterialUpdate":false,"showSkybox":true,"showFlares":true,"showImageEffects":true,"showParticleSystems":true},"in2DMode":false,"pivot":{"x":7.6707868576049809,"y":0.8132147789001465,"z":-10.809589385986329},"rotation":{"x":0.0008772057481110096,"y":0.9973771572113037,"z":-0.07133205235004425,"w":0.012264743447303772},"size":12.018255233764649,"orthographic":false}