{"cameraMode":{"drawMode":0,"name":"Shaded","section":"Shading Mode"},"sceneLighting":false,"audioPlay":false,"sceneViewState":{"showFog":true,"showMaterialUpdate":false,"showSkybox":false,"showFlares":true,"showImageEffects":true,"showParticleSystems":true},"in2DMode":false,"pivot":{"x":7.71999979019165,"y":0.0,"z":-0.23000000417232514},"rotation":{"x":0.07695990055799484,"y":0.8913065791130066,"z":-0.41515159606933596,"w":0.16522790491580964},"size":1.5667297840118409,"orthographic":false}