{"cameraMode":{"drawMode":0,"name":"Shaded","section":"Shading Mode"},"sceneLighting":false,"audioPlay":false,"sceneViewState":{"showFog":true,"showMaterialUpdate":false,"showSkybox":false,"showFlares":true,"showImageEffects":true,"showParticleSystems":true},"in2DMode":false,"pivot":{"x":-0.943808913230896,"y":0.14814241230487824,"z":-0.024081939831376077},"rotation":{"x":-0.05707424134016037,"y":0.7411303520202637,"z":0.06352273374795914,"w":0.6659219264984131},"size":0.1906382441520691,"orthographic":false}