{"cameraMode":{"drawMode":0,"name":"Shaded","section":"Shading Mode"},"sceneLighting":false,"audioPlay":false,"sceneViewState":{"showFog":true,"showMaterialUpdate":false,"showSkybox":false,"showFlares":true,"showImageEffects":true,"showParticleSystems":true},"in2DMode":false,"pivot":{"x":-10.494155883789063,"y":0.10000000149011612,"z":4.4856719970703129},"rotation":{"x":0.009861763566732407,"y":0.9885196685791016,"z":-0.074278324842453,"w":0.13124701380729676},"size":0.29999974370002749,"orthographic":false}