{"cameraMode":{"drawMode":0,"name":"Shaded","section":"Shading Mode"},"sceneLighting":false,"audioPlay":false,"sceneViewState":{"showFog":true,"showMaterialUpdate":false,"showSkybox":false,"showFlares":true,"showImageEffects":true,"showParticleSystems":true},"in2DMode":false,"pivot":{"x":0.2171897292137146,"y":0.7125858664512634,"z":-1.0652824640274048},"rotation":{"x":-0.37550657987594607,"y":-0.47105586528778078,"z":0.23157264292240144,"w":-0.7638667225837708},"size":0.6611527800559998,"orthographic":false}