{"cameraMode":{"drawMode":0,"name":"Shaded","section":"Shading Mode"},"sceneLighting":false,"audioPlay":false,"sceneViewState":{"showFog":true,"showMaterialUpdate":false,"showSkybox":false,"showFlares":true,"showImageEffects":true,"showParticleSystems":true},"in2DMode":false,"pivot":{"x":29.600000381469728,"y":6.210000038146973,"z":-26.200000762939454},"rotation":{"x":0.0484665185213089,"y":0.951537013053894,"z":-0.21868360042572022,"w":0.21089546382427216},"size":1.2882548570632935,"orthographic":false}